{
  "evaluation_mode": "serial_python_worker",
  "baseline": {
    "median": 0.0029585,
    "mean": 0.0035441416666666665,
    "stddev": 0.003987912756848185,
    "p95": 0.003541,
    "p99": 0.015416,
    "ci95": 0.0007135281262675328,
    "min": 0.002833,
    "max": 0.044167
  },
  "under_cpu_load": {
    "median": 0.003041,
    "mean": 0.00323749,
    "stddev": 0.0014029348494560188,
    "p95": 0.0035,
    "p99": 0.005292,
    "ci95": 0.00027497523049337965,
    "min": 0.002958,
    "max": 0.016875
  },
  "python_no_preemption_blocking_factor_p99": 61.429669298038945,
  "pooled_workers_blocking_factor_p99": 0.9519963074082622,
  "no_preemption_timer_drift": {
    "mode": "serial_python_worker",
    "period_ms": 5.0,
    "samples": 600,
    "blocked_threshold_ms": 10.0,
    "baseline_drift_ms": {
      "median": 0.6973125028889625,
      "mean": 0.8063527083140797,
      "stddev": 0.7290794859171491,
      "p95": 1.476084003224969,
      "p99": 3.8310410210397094,
      "ci95": 0.058338508932637846,
      "min": 0.07683301111683238,
      "max": 10.865374996792523
    },
    "under_cpu_load_drift_ms": {
      "median": 0.7016249920707195,
      "mean": 7.061667361655661,
      "stddev": 37.822084880801185,
      "p95": 2.325041980948299,
      "p99": 235.33958298969083,
      "ci95": 3.026397092895776,
      "min": 0.06833399413153518,
      "max": 235.43241699109785
    },
    "blocking_factor_p99": 61.429669298038945,
    "blocked_tick_ratio": 0.02666666666666667
  },
  "modes": {
    "serial_python_worker": {
      "mode": "serial_python_worker",
      "handler_worker_count": 1,
      "baseline": {
        "median": 0.0029585,
        "mean": 0.0035441416666666665,
        "stddev": 0.003987912756848185,
        "p95": 0.003541,
        "p99": 0.015416,
        "ci95": 0.0007135281262675328,
        "min": 0.002833,
        "max": 0.044167
      },
      "under_cpu_load": {
        "median": 0.003041,
        "mean": 0.00323749,
        "stddev": 0.0014029348494560188,
        "p95": 0.0035,
        "p99": 0.005292,
        "ci95": 0.00027497523049337965,
        "min": 0.002958,
        "max": 0.016875
      },
      "blocking_factor_p99": 0.34327970939283864,
      "queue_depth_percentiles": {
        "p50": 1.0,
        "p95": 1.0,
        "p99": 1.0
      },
      "restart_latency_percentiles_ms": {
        "p50": 0.0,
        "p95": 0.0,
        "p99": 0.0
      }
    },
    "pooled_workers": {
      "mode": "pooled_workers",
      "handler_worker_count": 64,
      "baseline": {
        "median": 0.002959,
        "mean": 0.0030839833333333334,
        "stddev": 0.0008627177594630802,
        "p95": 0.00325,
        "p99": 0.004333,
        "ci95": 0.0001543597926886267,
        "min": 0.002833,
        "max": 0.01225
      },
      "under_cpu_load": {
        "median": 0.0030204999999999997,
        "mean": 0.0031950200000000002,
        "stddev": 0.0012135840814827305,
        "p95": 0.003375,
        "p99": 0.004125,
        "ci95": 0.00023786247997061515,
        "min": 0.002916,
        "max": 0.015083
      },
      "blocking_factor_p99": 0.9519963074082622,
      "queue_depth_percentiles": {
        "p50": 1.0,
        "p95": 1.0,
        "p99": 1.0
      },
      "restart_latency_percentiles_ms": {
        "p50": 0.0,
        "p95": 0.0,
        "p99": 0.0
      }
    }
  },
  "queue_depth_percentiles": {
    "p50": 1.0,
    "p95": 1.0,
    "p99": 1.0
  },
  "restart_latency_percentiles_ms": {
    "p50": 0.0,
    "p95": 0.0,
    "p99": 0.0
  }
}
