{
  "evaluation_mode": "serial_python_worker",
  "baseline": {
    "median": 0.002959,
    "mean": 0.00330275,
    "stddev": 0.002578323464298966,
    "p95": 0.003375,
    "p99": 0.009708,
    "ci95": 0.0004613206011675271,
    "min": 0.002833,
    "max": 0.030375
  },
  "under_cpu_load": {
    "median": 0.003,
    "mean": 0.00321888,
    "stddev": 0.0012760273205649959,
    "p95": 0.0035,
    "p99": 0.005583,
    "ci95": 0.0002501013548307392,
    "min": 0.002875,
    "max": 0.0155
  },
  "python_no_preemption_blocking_factor_p99": 105.83738084773992,
  "pooled_workers_blocking_factor_p99": 0.3538688155272507,
  "no_preemption_timer_drift": {
    "mode": "serial_python_worker",
    "period_ms": 5.0,
    "samples": 600,
    "blocked_threshold_ms": 10.0,
    "baseline_drift_ms": {
      "median": 0.6839380122255533,
      "mean": 0.6937434716868058,
      "stddev": 0.29893776311447273,
      "p95": 0.8196250174660235,
      "p99": 2.2234999970532954,
      "ci95": 0.023920002826328647,
      "min": 0.08104197797365476,
      "max": 3.5480830166488886
    },
    "under_cpu_load_drift_ms": {
      "median": 0.6854790018405764,
      "mean": 6.965763333331172,
      "stddev": 37.83063686722203,
      "p95": 1.3977079989854246,
      "p99": 235.32941600307822,
      "ci95": 3.027081394327707,
      "min": 0.06283401045948256,
      "max": 235.35108301904984
    },
    "blocking_factor_p99": 105.83738084773992,
    "blocked_tick_ratio": 0.02666666666666667
  },
  "modes": {
    "serial_python_worker": {
      "mode": "serial_python_worker",
      "handler_worker_count": 1,
      "baseline": {
        "median": 0.002959,
        "mean": 0.00330275,
        "stddev": 0.002578323464298966,
        "p95": 0.003375,
        "p99": 0.009708,
        "ci95": 0.0004613206011675271,
        "min": 0.002833,
        "max": 0.030375
      },
      "under_cpu_load": {
        "median": 0.003,
        "mean": 0.00321888,
        "stddev": 0.0012760273205649959,
        "p95": 0.0035,
        "p99": 0.005583,
        "ci95": 0.0002501013548307392,
        "min": 0.002875,
        "max": 0.0155
      },
      "blocking_factor_p99": 0.5750927070457356,
      "queue_depth_percentiles": {
        "p50": 1.0,
        "p95": 1.0,
        "p99": 1.0
      },
      "restart_latency_percentiles_ms": {
        "p50": 0.0,
        "p95": 0.0,
        "p99": 0.0
      }
    },
    "pooled_workers": {
      "mode": "pooled_workers",
      "handler_worker_count": 64,
      "baseline": {
        "median": 0.002917,
        "mean": 0.0031062583333333334,
        "stddev": 0.0011249553604277735,
        "p95": 0.003167,
        "p99": 0.011541,
        "ci95": 0.00020128005285026436,
        "min": 0.002833,
        "max": 0.01175
      },
      "under_cpu_load": {
        "median": 0.003,
        "mean": 0.00319003,
        "stddev": 0.0012838376848773024,
        "p95": 0.003375,
        "p99": 0.004084,
        "ci95": 0.00025163218623595125,
        "min": 0.002917,
        "max": 0.015792
      },
      "blocking_factor_p99": 0.3538688155272507,
      "queue_depth_percentiles": {
        "p50": 1.0,
        "p95": 1.0,
        "p99": 1.0
      },
      "restart_latency_percentiles_ms": {
        "p50": 0.0,
        "p95": 0.0,
        "p99": 0.0
      }
    }
  },
  "queue_depth_percentiles": {
    "p50": 1.0,
    "p95": 1.0,
    "p99": 1.0
  },
  "restart_latency_percentiles_ms": {
    "p50": 0.0,
    "p95": 0.0,
    "p99": 0.0
  }
}
