{
  "evaluation_mode": "serial_python_worker",
  "baseline": {
    "median": 0.007167,
    "mean": 0.007974375,
    "stddev": 0.005949470922119987,
    "p95": 0.008166,
    "p99": 0.023334,
    "ci95": 0.001064495413560285,
    "min": 0.006917,
    "max": 0.070292
  },
  "under_cpu_load": {
    "median": 0.003209,
    "mean": 0.00394705,
    "stddev": 0.003537957501200803,
    "p95": 0.005417,
    "p99": 0.018958,
    "ci95": 0.0006934396702353575,
    "min": 0.002958,
    "max": 0.032208
  },
  "python_no_preemption_blocking_factor_p99": 165.6099847863453,
  "pooled_workers_blocking_factor_p99": 1.2554666666666667,
  "no_preemption_timer_drift": {
    "mode": "serial_python_worker",
    "period_ms": 5.0,
    "samples": 600,
    "blocked_threshold_ms": 10.0,
    "baseline_drift_ms": {
      "median": 1.2855415017111227,
      "mean": 1.2343612499535084,
      "stddev": 0.3103186282234512,
      "p95": 1.3489169988315552,
      "p99": 1.4209580013994128,
      "ci95": 0.024830661696377744,
      "min": 0.04716701107099642,
      "max": 5.904499999014661
    },
    "under_cpu_load_drift_ms": {
      "median": 1.2843545019859448,
      "mean": 7.451800833368907,
      "stddev": 37.748677323905696,
      "p95": 1.380499980878085,
      "p99": 235.32483299379237,
      "ci95": 3.0205232650122724,
      "min": 0.03641701652668406,
      "max": 235.36083297687583
    },
    "blocking_factor_p99": 165.6099847863453,
    "blocked_tick_ratio": 0.02666666666666667
  },
  "modes": {
    "serial_python_worker": {
      "mode": "serial_python_worker",
      "handler_worker_count": 1,
      "baseline": {
        "median": 0.007167,
        "mean": 0.007974375,
        "stddev": 0.005949470922119987,
        "p95": 0.008166,
        "p99": 0.023334,
        "ci95": 0.001064495413560285,
        "min": 0.006917,
        "max": 0.070292
      },
      "under_cpu_load": {
        "median": 0.003209,
        "mean": 0.00394705,
        "stddev": 0.003537957501200803,
        "p95": 0.005417,
        "p99": 0.018958,
        "ci95": 0.0006934396702353575,
        "min": 0.002958,
        "max": 0.032208
      },
      "blocking_factor_p99": 0.812462501071398,
      "queue_depth_percentiles": {
        "p50": 1.0,
        "p95": 1.0,
        "p99": 1.0
      },
      "restart_latency_percentiles_ms": {
        "p50": 0.0,
        "p95": 0.0,
        "p99": 0.0
      }
    },
    "pooled_workers": {
      "mode": "pooled_workers",
      "handler_worker_count": 64,
      "baseline": {
        "median": 0.002875,
        "mean": 0.002960383333333333,
        "stddev": 0.0005436361731852639,
        "p95": 0.003083,
        "p99": 0.00375,
        "ci95": 9.726885307558901e-05,
        "min": 0.002792,
        "max": 0.00875
      },
      "under_cpu_load": {
        "median": 0.0030835,
        "mean": 0.0032391900000000003,
        "stddev": 0.0012157431421882575,
        "p95": 0.003417,
        "p99": 0.004708,
        "ci95": 0.00023828565586889847,
        "min": 0.002875,
        "max": 0.015083
      },
      "blocking_factor_p99": 1.2554666666666667,
      "queue_depth_percentiles": {
        "p50": 1.0,
        "p95": 1.0,
        "p99": 1.0
      },
      "restart_latency_percentiles_ms": {
        "p50": 0.0,
        "p95": 0.0,
        "p99": 0.0
      }
    }
  },
  "queue_depth_percentiles": {
    "p50": 1.0,
    "p95": 1.0,
    "p99": 1.0
  },
  "restart_latency_percentiles_ms": {
    "p50": 0.0,
    "p95": 0.0,
    "p99": 0.0
  }
}
