{
  "baseline": {
    "median": 0.00325,
    "mean": 0.00384791,
    "stddev": 0.0041970165427962095,
    "p95": 0.004125,
    "p99": 0.011917,
    "ci95": 0.0008226152423880571,
    "min": 0.003041,
    "max": 0.044291
  },
  "under_cpu_load": {
    "median": 0.003125,
    "mean": 0.0033429199999999997,
    "stddev": 0.00131545753211112,
    "p95": 0.003791,
    "p99": 0.005042,
    "ci95": 0.0002578296762937795,
    "min": 0.002959,
    "max": 0.016041
  },
  "python_no_preemption_blocking_factor_p99": 0.42309306033397664,
  "queue_depth_percentiles": {
    "p50": 1.0,
    "p95": 1.0,
    "p99": 1.0
  },
  "restart_latency_percentiles_ms": {
    "p50": 0.0,
    "p95": 0.0,
    "p99": 0.0
  }
}
