{
  "python": {
    "feasible": true,
    "runs": [
      {
        "agents": 100,
        "rss_bytes": 80461824
      },
      {
        "agents": 1000,
        "rss_bytes": 80904192
      }
    ],
    "fit": {
      "bytes_per_agent": 491.52,
      "base_bytes": 80412672.0
    },
    "base_runtime_bytes_estimate": 80683008.0
  },
  "elixir_bridge": {
    "feasible": true,
    "runs": [
      {
        "agents": 100,
        "baseline_rss_bytes": 98811904,
        "rss_bytes": 98926592,
        "delta_bytes": 114688
      },
      {
        "agents": 1000,
        "baseline_rss_bytes": 98844672,
        "rss_bytes": 100302848,
        "delta_bytes": 1458176
      }
    ],
    "fit": {
      "bytes_per_agent": 1492.7644444444445,
      "base_bytes": -34588.444444444496
    },
    "base_runtime_bytes_estimate": 98828288.0
  }
}
