{
  "baseline": {
    "median": 0.00625,
    "mean": 0.00722419,
    "stddev": 0.005204889823487762,
    "p95": 0.007917,
    "p99": 0.022709,
    "ci95": 0.0010201584054036015,
    "min": 0.006042,
    "max": 0.054375
  },
  "under_cpu_load": {
    "median": 0.003166,
    "mean": 0.00401458,
    "stddev": 0.003529431605539597,
    "p95": 0.006583,
    "p99": 0.022834,
    "ci95": 0.000691768594685761,
    "min": 0.002958,
    "max": 0.027333
  },
  "python_no_preemption_blocking_factor_p99": 1.0055044255581487,
  "queue_depth_percentiles": {
    "p50": 1.0,
    "p95": 1.0,
    "p99": 1.0
  },
  "restart_latency_percentiles_ms": {
    "p50": 0.0,
    "p95": 0.0,
    "p99": 0.0
  }
}
