{
  "runs": [
    {
      "boot_ms": 436.607625,
      "first_ping_ms": 5.327125
    },
    {
      "boot_ms": 435.437375,
      "first_ping_ms": 5.432875
    },
    {
      "boot_ms": 435.6585,
      "first_ping_ms": 5.878167
    },
    {
      "boot_ms": 438.96025,
      "first_ping_ms": 5.018792
    }
  ],
  "boot_ms": {
    "median": 436.1330625,
    "mean": 436.6659375,
    "stddev": 1.6115795903527834,
    "p95": 438.96025,
    "p99": 438.96025,
    "ci95": 1.5793479985457277,
    "min": 435.437375,
    "max": 438.96025
  },
  "first_ping_ms": {
    "median": 5.38,
    "mean": 5.41423975,
    "stddev": 0.3556888473946248,
    "p95": 5.878167,
    "p99": 5.878167,
    "ci95": 0.3485750704467323,
    "min": 5.018792,
    "max": 5.878167
  }
}
