{
  "baseline": {
    "median": 0.0054585,
    "mean": 0.00664786,
    "stddev": 0.007572230960395738,
    "p95": 0.007208,
    "p99": 0.021292,
    "ci95": 0.0014841572682375646,
    "min": 0.005208,
    "max": 0.079084
  },
  "under_cpu_load": {
    "median": 0.003125,
    "mean": 0.0033684,
    "stddev": 0.00135635850122244,
    "p95": 0.003791,
    "p99": 0.0065,
    "ci95": 0.0002658462662395982,
    "min": 0.003,
    "max": 0.016084
  },
  "python_no_preemption_blocking_factor_p99": 0.3052789780199136,
  "queue_depth_percentiles": {
    "p50": 1.0,
    "p95": 1.0,
    "p99": 1.0
  },
  "restart_latency_percentiles_ms": {
    "p50": 0.0,
    "p95": 0.0,
    "p99": 0.0
  }
}
