{
  "python": {
    "feasible": true,
    "runs": [
      {
        "agents": 100,
        "rss_bytes": 1586872320
      },
      {
        "agents": 1000,
        "rss_bytes": 1586872320
      }
    ],
    "fit": {
      "bytes_per_agent": 0.0,
      "base_bytes": 1586872320.0
    },
    "base_runtime_bytes_estimate": 1586872320.0
  },
  "elixir_bridge": {
    "feasible": true,
    "runs": [
      {
        "agents": 100,
        "baseline_rss_bytes": 148422656,
        "rss_bytes": 149061632,
        "delta_bytes": 638976
      },
      {
        "agents": 1000,
        "baseline_rss_bytes": 151781376,
        "rss_bytes": 155090944,
        "delta_bytes": 3309568
      }
    ],
    "fit": {
      "bytes_per_agent": 2967.3244444444445,
      "base_bytes": 342243.5555555555
    },
    "base_runtime_bytes_estimate": 150102016.0,
    "absolute_base_runtime_bytes": 150102016.0,
    "idle_beam_rss_bytes": 71843840.0,
    "bridge_over_idle_beam_bytes": 78258176.0
  }
}
