{
  "runs": [
    {
      "boot_ms": 736.2915,
      "first_ping_ms": 0.346834
    },
    {
      "boot_ms": 669.952292,
      "first_ping_ms": 0.420542
    },
    {
      "boot_ms": 678.606208,
      "first_ping_ms": 0.458875
    },
    {
      "boot_ms": 668.07325,
      "first_ping_ms": 0.410084
    }
  ],
  "boot_ms": {
    "median": 674.27925,
    "mean": 688.2308125000001,
    "stddev": 32.36713524736886,
    "p95": 736.2915,
    "p99": 736.2915,
    "ci95": 31.71979254242148,
    "min": 668.07325,
    "max": 736.2915
  },
  "first_ping_ms": {
    "median": 0.41531300000000004,
    "mean": 0.40908374999999997,
    "stddev": 0.04649907506158949,
    "p95": 0.458875,
    "p99": 0.458875,
    "ci95": 0.0455690935603577,
    "min": 0.346834,
    "max": 0.458875
  }
}
