{
  "runs": [
    {
      "boot_ms": 608.618,
      "first_ping_ms": 0.383416
    },
    {
      "boot_ms": 599.954708,
      "first_ping_ms": 0.431708
    },
    {
      "boot_ms": 653.674875,
      "first_ping_ms": 0.401708
    },
    {
      "boot_ms": 603.330291,
      "first_ping_ms": 0.385542
    }
  ],
  "boot_ms": {
    "median": 605.9741455000001,
    "mean": 616.3944685,
    "stddev": 25.10803742619485,
    "p95": 653.674875,
    "p99": 653.674875,
    "ci95": 24.605876677670953,
    "min": 599.954708,
    "max": 653.674875
  },
  "first_ping_ms": {
    "median": 0.393625,
    "mean": 0.4005935,
    "stddev": 0.022293260409071314,
    "p95": 0.431708,
    "p99": 0.431708,
    "ci95": 0.021847395200889887,
    "min": 0.383416,
    "max": 0.431708
  }
}
