{
  "python": {
    "runs": [
      {
        "agents": 100,
        "rss_bytes": 73842688
      },
      {
        "agents": 1000,
        "rss_bytes": 75694080
      }
    ],
    "fit": {
      "bytes_per_agent": 2057.1022222222223,
      "base_bytes": 73636977.77777778
    },
    "base_runtime_bytes_estimate": 74768384.0
  },
  "elixir_bridge": {
    "runs": [
      {
        "agents": 100,
        "baseline_rss_bytes": 97861632,
        "rss_bytes": 98091008,
        "delta_bytes": 229376
      },
      {
        "agents": 1000,
        "baseline_rss_bytes": 101285888,
        "rss_bytes": 103841792,
        "delta_bytes": 2555904
      }
    ],
    "fit": {
      "bytes_per_agent": 2585.031111111111,
      "base_bytes": -29127.111111111008
    },
    "base_runtime_bytes_estimate": 99573760.0
  }
}
