{
  "baseline": {
    "median": 0.003834,
    "mean": 0.00426254,
    "stddev": 0.0033257303182758205,
    "p95": 0.004083,
    "p99": 0.007334,
    "ci95": 0.0006518431423820608,
    "min": 0.00375,
    "max": 0.036917
  },
  "under_cpu_load": {
    "median": 0.002125,
    "mean": 0.00263707,
    "stddev": 0.0021371824804275524,
    "p95": 0.003791,
    "p99": 0.012583,
    "ci95": 0.00041888776616380027,
    "min": 0.002042,
    "max": 0.015
  },
  "python_no_preemption_blocking_factor_p99": 1.7157076629397328
}
