{
  "runs": [
    {
      "boot_ms": 428.608291,
      "first_ping_ms": 5.043917
    },
    {
      "boot_ms": 449.577917,
      "first_ping_ms": 5.169667
    },
    {
      "boot_ms": 446.863209,
      "first_ping_ms": 5.306042
    },
    {
      "boot_ms": 466.687542,
      "first_ping_ms": 5.632292
    }
  ],
  "boot_ms": {
    "median": 448.22056299999997,
    "mean": 447.93423975,
    "stddev": 15.5887504538486,
    "p95": 466.687542,
    "p99": 466.687542,
    "ci95": 15.276975444771628,
    "min": 428.608291,
    "max": 466.687542
  },
  "first_ping_ms": {
    "median": 5.237854499999999,
    "mean": 5.2879795,
    "stddev": 0.2532730431273725,
    "p95": 5.632292,
    "p99": 5.632292,
    "ci95": 0.24820758226482503,
    "min": 5.043917,
    "max": 5.632292
  }
}
