{
  "evaluation_mode": "serial_python_worker",
  "baseline": {
    "median": 0.004875,
    "mean": 0.005931608333333334,
    "stddev": 0.005893262398913778,
    "p95": 0.006459,
    "p99": 0.044625,
    "ci95": 0.0010544384327061476,
    "min": 0.004542,
    "max": 0.053833
  },
  "under_cpu_load": {
    "median": 0.003,
    "mean": 0.00323252,
    "stddev": 0.0014046055737386841,
    "p95": 0.003458,
    "p99": 0.005167,
    "ci95": 0.00027530269245278207,
    "min": 0.002875,
    "max": 0.016875
  },
  "python_no_preemption_blocking_factor_p99": 97.07292926803919,
  "pooled_workers_blocking_factor_p99": 0.35672,
  "no_preemption_timer_drift": {
    "mode": "serial_python_worker",
    "period_ms": 5.0,
    "samples": 600,
    "blocked_threshold_ms": 10.0,
    "baseline_drift_ms": {
      "median": 0.6951664882944896,
      "mean": 0.7172054849797859,
      "stddev": 0.3571863256381277,
      "p95": 0.8028749772347509,
      "p99": 2.424749986967072,
      "ci95": 0.028580858536491525,
      "min": 0.08845798321999598,
      "max": 4.866375010460615
    },
    "under_cpu_load_drift_ms": {
      "median": 0.6886874954216181,
      "mean": 6.988537916671096,
      "stddev": 37.84018403167441,
      "p95": 1.7101670138072222,
      "p99": 235.3775839775335,
      "ci95": 3.0278453265867333,
      "min": 0.07554199430160213,
      "max": 235.42216601083055
    },
    "blocking_factor_p99": 97.07292926803919,
    "blocked_tick_ratio": 0.028333333333333332
  },
  "modes": {
    "serial_python_worker": {
      "mode": "serial_python_worker",
      "handler_worker_count": 1,
      "baseline": {
        "median": 0.004875,
        "mean": 0.005931608333333334,
        "stddev": 0.005893262398913778,
        "p95": 0.006459,
        "p99": 0.044625,
        "ci95": 0.0010544384327061476,
        "min": 0.004542,
        "max": 0.053833
      },
      "under_cpu_load": {
        "median": 0.003,
        "mean": 0.00323252,
        "stddev": 0.0014046055737386841,
        "p95": 0.003458,
        "p99": 0.005167,
        "ci95": 0.00027530269245278207,
        "min": 0.002875,
        "max": 0.016875
      },
      "blocking_factor_p99": 0.11578711484593837,
      "queue_depth_percentiles": {
        "p50": 1.0,
        "p95": 1.0,
        "p99": 1.0
      },
      "restart_latency_percentiles_ms": {
        "p50": 0.0,
        "p95": 0.0,
        "p99": 0.0
      }
    },
    "pooled_workers": {
      "mode": "pooled_workers",
      "handler_worker_count": 64,
      "baseline": {
        "median": 0.002917,
        "mean": 0.0035266666666666667,
        "stddev": 0.0028916864299165608,
        "p95": 0.0055,
        "p99": 0.0125,
        "ci95": 0.0005173883497196481,
        "min": 0.002833,
        "max": 0.031458
      },
      "under_cpu_load": {
        "median": 0.003,
        "mean": 0.00317964,
        "stddev": 0.0012876109466368286,
        "p95": 0.003542,
        "p99": 0.004459,
        "ci95": 0.0002523717455408184,
        "min": 0.002875,
        "max": 0.01575
      },
      "blocking_factor_p99": 0.35672,
      "queue_depth_percentiles": {
        "p50": 1.0,
        "p95": 1.0,
        "p99": 1.0
      },
      "restart_latency_percentiles_ms": {
        "p50": 0.0,
        "p95": 0.0,
        "p99": 0.0
      }
    }
  },
  "queue_depth_percentiles": {
    "p50": 1.0,
    "p95": 1.0,
    "p99": 1.0
  },
  "restart_latency_percentiles_ms": {
    "p50": 0.0,
    "p95": 0.0,
    "p99": 0.0
  }
}
