{
  "evaluation_mode": "serial_python_worker",
  "baseline": {
    "median": 0.00325,
    "mean": 0.0038031,
    "stddev": 0.00437314617511324,
    "p95": 0.004,
    "p99": 0.011166,
    "ci95": 0.0007824551304098066,
    "min": 0.003042,
    "max": 0.050541
  },
  "under_cpu_load": {
    "median": 0.0030625,
    "mean": 0.00328914,
    "stddev": 0.0016437603232844016,
    "p95": 0.003542,
    "p99": 0.005666,
    "ci95": 0.0003221770233637427,
    "min": 0.002917,
    "max": 0.019291
  },
  "python_no_preemption_blocking_factor_p99": 64.98215077566118,
  "pooled_workers_blocking_factor_p99": 0.7908309455587391,
  "no_preemption_timer_drift": {
    "mode": "serial_python_worker",
    "period_ms": 5.0,
    "samples": 600,
    "blocked_threshold_ms": 10.0,
    "baseline_drift_ms": {
      "median": 1.3418539939448237,
      "mean": 1.2695247916659962,
      "stddev": 0.5374827499314958,
      "p95": 1.7098749859724194,
      "p99": 3.621707995189354,
      "ci95": 0.04300757710741643,
      "min": 0.09774999227374781,
      "max": 5.7233749877195805
    },
    "under_cpu_load_drift_ms": {
      "median": 1.3523119897581637,
      "mean": 7.547441110024617,
      "stddev": 37.738151916321996,
      "p95": 2.061125012114644,
      "p99": 235.34637500881217,
      "ci95": 3.0196810570003865,
      "min": 0.0804169732145964,
      "max": 235.37170899100602
    },
    "blocking_factor_p99": 64.98215077566118,
    "blocked_tick_ratio": 0.02666666666666667
  },
  "modes": {
    "serial_python_worker": {
      "mode": "serial_python_worker",
      "handler_worker_count": 1,
      "baseline": {
        "median": 0.00325,
        "mean": 0.0038031,
        "stddev": 0.00437314617511324,
        "p95": 0.004,
        "p99": 0.011166,
        "ci95": 0.0007824551304098066,
        "min": 0.003042,
        "max": 0.050541
      },
      "under_cpu_load": {
        "median": 0.0030625,
        "mean": 0.00328914,
        "stddev": 0.0016437603232844016,
        "p95": 0.003542,
        "p99": 0.005666,
        "ci95": 0.0003221770233637427,
        "min": 0.002917,
        "max": 0.019291
      },
      "blocking_factor_p99": 0.507433279598782,
      "queue_depth_percentiles": {
        "p50": 1.0,
        "p95": 1.0,
        "p99": 1.0
      },
      "restart_latency_percentiles_ms": {
        "p50": 0.0,
        "p95": 0.0,
        "p99": 0.0
      }
    },
    "pooled_workers": {
      "mode": "pooled_workers",
      "handler_worker_count": 64,
      "baseline": {
        "median": 0.003,
        "mean": 0.003127825,
        "stddev": 0.0008925039525134333,
        "p95": 0.00325,
        "p99": 0.005584,
        "ci95": 0.0001596892188350148,
        "min": 0.002916,
        "max": 0.012334
      },
      "under_cpu_load": {
        "median": 0.003083,
        "mean": 0.00325789,
        "stddev": 0.0012967563877582865,
        "p95": 0.003417,
        "p99": 0.004416,
        "ci95": 0.0002541642520006241,
        "min": 0.002917,
        "max": 0.015958
      },
      "blocking_factor_p99": 0.7908309455587391,
      "queue_depth_percentiles": {
        "p50": 1.0,
        "p95": 1.0,
        "p99": 1.0
      },
      "restart_latency_percentiles_ms": {
        "p50": 0.0,
        "p95": 0.0,
        "p99": 0.0
      }
    }
  },
  "queue_depth_percentiles": {
    "p50": 1.0,
    "p95": 1.0,
    "p99": 1.0
  },
  "restart_latency_percentiles_ms": {
    "p50": 0.0,
    "p95": 0.0,
    "p99": 0.0
  }
}
