{
  "python": {
    "feasible": true,
    "runs": [
      {
        "agents": 100,
        "rss_bytes": 1554710528
      },
      {
        "agents": 1000,
        "rss_bytes": 1554759680
      }
    ],
    "fit": {
      "bytes_per_agent": 54.61333333333334,
      "base_bytes": 1554705066.6666667
    },
    "base_runtime_bytes_estimate": 1554735104.0
  },
  "elixir_bridge": {
    "feasible": true,
    "runs": [
      {
        "agents": 100,
        "baseline_rss_bytes": 146472960,
        "rss_bytes": 147013632,
        "delta_bytes": 540672
      },
      {
        "agents": 1000,
        "baseline_rss_bytes": 148652032,
        "rss_bytes": 152469504,
        "delta_bytes": 3817472
      }
    ],
    "fit": {
      "bytes_per_agent": 3640.8888888888887,
      "base_bytes": 176583.11111111124
    },
    "base_runtime_bytes_estimate": 147562496.0,
    "absolute_base_runtime_bytes": 147562496.0,
    "idle_beam_rss_bytes": 71614464.0,
    "bridge_over_idle_beam_bytes": 75948032.0
  }
}
