{
  "evaluation_mode": "serial_python_worker",
  "baseline": {
    "median": 0.004667,
    "mean": 0.005383316666666666,
    "stddev": 0.004773621467574306,
    "p95": 0.005375,
    "p99": 0.017583,
    "ci95": 0.0008541092518685787,
    "min": 0.004542,
    "max": 0.054416
  },
  "under_cpu_load": {
    "median": 0.003042,
    "mean": 0.0033666800000000004,
    "stddev": 0.0015702037819237593,
    "p95": 0.004042,
    "p99": 0.006917,
    "ci95": 0.0003077599412570568,
    "min": 0.002958,
    "max": 0.018
  },
  "python_no_preemption_blocking_factor_p99": 45.261631386712764,
  "pooled_workers_blocking_factor_p99": 0.9184423218221895,
  "no_preemption_timer_drift": {
    "mode": "serial_python_worker",
    "period_ms": 5.0,
    "samples": 600,
    "blocked_threshold_ms": 10.0,
    "baseline_drift_ms": {
      "median": 0.7341045030625536,
      "mean": 1.2448417349999847,
      "stddev": 1.1753227454747193,
      "p95": 3.840042006340809,
      "p99": 5.2001670020399615,
      "ci95": 0.09404540631033624,
      "min": 0.08154099225066591,
      "max": 9.276792004238812
    },
    "under_cpu_load_drift_ms": {
      "median": 0.7195835033780894,
      "mean": 7.189933403327207,
      "stddev": 37.81198322182777,
      "p95": 3.512041997164488,
      "p99": 235.36804199567996,
      "ci95": 3.0255887918344535,
      "min": 0.08558300498407323,
      "max": 235.4931250057416
    },
    "blocking_factor_p99": 45.261631386712764,
    "blocked_tick_ratio": 0.028333333333333332
  },
  "modes": {
    "serial_python_worker": {
      "mode": "serial_python_worker",
      "handler_worker_count": 1,
      "baseline": {
        "median": 0.004667,
        "mean": 0.005383316666666666,
        "stddev": 0.004773621467574306,
        "p95": 0.005375,
        "p99": 0.017583,
        "ci95": 0.0008541092518685787,
        "min": 0.004542,
        "max": 0.054416
      },
      "under_cpu_load": {
        "median": 0.003042,
        "mean": 0.0033666800000000004,
        "stddev": 0.0015702037819237593,
        "p95": 0.004042,
        "p99": 0.006917,
        "ci95": 0.0003077599412570568,
        "min": 0.002958,
        "max": 0.018
      },
      "blocking_factor_p99": 0.3933913439117329,
      "queue_depth_percentiles": {
        "p50": 1.0,
        "p95": 1.0,
        "p99": 1.0
      },
      "restart_latency_percentiles_ms": {
        "p50": 0.0,
        "p95": 0.0,
        "p99": 0.0
      }
    },
    "pooled_workers": {
      "mode": "pooled_workers",
      "handler_worker_count": 64,
      "baseline": {
        "median": 0.002959,
        "mean": 0.003084025,
        "stddev": 0.0009689466034710846,
        "p95": 0.003167,
        "p99": 0.004083,
        "ci95": 0.00017336654450144796,
        "min": 0.002875,
        "max": 0.0135
      },
      "under_cpu_load": {
        "median": 0.003042,
        "mean": 0.00317539,
        "stddev": 0.0009435377430851734,
        "p95": 0.003333,
        "p99": 0.00375,
        "ci95": 0.00018493339764469397,
        "min": 0.002916,
        "max": 0.012416
      },
      "blocking_factor_p99": 0.9184423218221895,
      "queue_depth_percentiles": {
        "p50": 1.0,
        "p95": 1.0,
        "p99": 1.0
      },
      "restart_latency_percentiles_ms": {
        "p50": 0.0,
        "p95": 0.0,
        "p99": 0.0
      }
    }
  },
  "queue_depth_percentiles": {
    "p50": 1.0,
    "p95": 1.0,
    "p99": 1.0
  },
  "restart_latency_percentiles_ms": {
    "p50": 0.0,
    "p95": 0.0,
    "p99": 0.0
  }
}
