{
  "runs": [
    {
      "boot_ms": 731.416542,
      "first_ping_ms": 0.451208
    },
    {
      "boot_ms": 672.786167,
      "first_ping_ms": 0.545958
    },
    {
      "boot_ms": 664.101334,
      "first_ping_ms": 0.414625
    },
    {
      "boot_ms": 678.596417,
      "first_ping_ms": 0.4495
    }
  ],
  "boot_ms": {
    "median": 675.691292,
    "mean": 686.725115,
    "stddev": 30.383817603861687,
    "p95": 731.416542,
    "p99": 731.416542,
    "ci95": 29.776141251784452,
    "min": 664.101334,
    "max": 731.416542
  },
  "first_ping_ms": {
    "median": 0.45035400000000003,
    "mean": 0.46532275,
    "stddev": 0.05633794157507593,
    "p95": 0.545958,
    "p99": 0.545958,
    "ci95": 0.05521118274357441,
    "min": 0.414625,
    "max": 0.545958
  }
}
