{
  "evaluation_mode": "serial_python_worker",
  "baseline": {
    "median": 0.003125,
    "mean": 0.003481575,
    "stddev": 0.002642324453078413,
    "p95": 0.003625,
    "p99": 0.010125,
    "ci95": 0.0004727718310181922,
    "min": 0.003,
    "max": 0.031208
  },
  "under_cpu_load": {
    "median": 0.003042,
    "mean": 0.00336665,
    "stddev": 0.0016701023157128713,
    "p95": 0.003708,
    "p99": 0.013375,
    "ci95": 0.0003273400538797228,
    "min": 0.002916,
    "max": 0.016125
  },
  "python_no_preemption_blocking_factor_p99": 87.91000985563055,
  "pooled_workers_blocking_factor_p99": 0.34338176823537914,
  "no_preemption_timer_drift": {
    "mode": "serial_python_worker",
    "period_ms": 5.0,
    "samples": 600,
    "blocked_threshold_ms": 10.0,
    "baseline_drift_ms": {
      "median": 0.6911665014922618,
      "mean": 0.7183877766753235,
      "stddev": 0.35440890614086906,
      "p95": 0.9212909836787729,
      "p99": 2.676833018194884,
      "ci95": 0.02835861869120679,
      "min": 0.06716701784171153,
      "max": 3.8360410009045154
    },
    "under_cpu_load_drift_ms": {
      "median": 0.6949169957078992,
      "mean": 7.020583958316517,
      "stddev": 37.82490174348476,
      "p95": 2.5420830107759684,
      "p99": 235.3204170113895,
      "ci95": 3.0266224888532838,
      "min": 0.060457973740994826,
      "max": 235.367749996949
    },
    "blocking_factor_p99": 87.91000985563055,
    "blocked_tick_ratio": 0.02666666666666667
  },
  "modes": {
    "serial_python_worker": {
      "mode": "serial_python_worker",
      "handler_worker_count": 1,
      "baseline": {
        "median": 0.003125,
        "mean": 0.003481575,
        "stddev": 0.002642324453078413,
        "p95": 0.003625,
        "p99": 0.010125,
        "ci95": 0.0004727718310181922,
        "min": 0.003,
        "max": 0.031208
      },
      "under_cpu_load": {
        "median": 0.003042,
        "mean": 0.00336665,
        "stddev": 0.0016701023157128713,
        "p95": 0.003708,
        "p99": 0.013375,
        "ci95": 0.0003273400538797228,
        "min": 0.002916,
        "max": 0.016125
      },
      "blocking_factor_p99": 1.3209876543209875,
      "queue_depth_percentiles": {
        "p50": 1.0,
        "p95": 1.0,
        "p99": 1.0
      },
      "restart_latency_percentiles_ms": {
        "p50": 0.0,
        "p95": 0.0,
        "p99": 0.0
      }
    },
    "pooled_workers": {
      "mode": "pooled_workers",
      "handler_worker_count": 64,
      "baseline": {
        "median": 0.003,
        "mean": 0.0033229083333333334,
        "stddev": 0.0019060803240185458,
        "p95": 0.0035,
        "p99": 0.013833,
        "ci95": 0.00034104104202802645,
        "min": 0.002875,
        "max": 0.019625
      },
      "under_cpu_load": {
        "median": 0.003042,
        "mean": 0.00325874,
        "stddev": 0.0014153819673626458,
        "p95": 0.003375,
        "p99": 0.00475,
        "ci95": 0.00027741486560307855,
        "min": 0.002958,
        "max": 0.017125
      },
      "blocking_factor_p99": 0.34338176823537914,
      "queue_depth_percentiles": {
        "p50": 1.0,
        "p95": 1.0,
        "p99": 1.0
      },
      "restart_latency_percentiles_ms": {
        "p50": 0.0,
        "p95": 0.0,
        "p99": 0.0
      }
    }
  },
  "queue_depth_percentiles": {
    "p50": 1.0,
    "p95": 1.0,
    "p99": 1.0
  },
  "restart_latency_percentiles_ms": {
    "p50": 0.0,
    "p95": 0.0,
    "p99": 0.0
  }
}
