{
  "baseline": {
    "median": 0.003958,
    "mean": 0.0052012199999999995,
    "stddev": 0.00606248632293365,
    "p95": 0.008292,
    "p99": 0.020333,
    "ci95": 0.0011882473192949953,
    "min": 0.00375,
    "max": 0.060375
  },
  "under_cpu_load": {
    "median": 0.0021665,
    "mean": 0.00240332,
    "stddev": 0.001102664128097917,
    "p95": 0.002875,
    "p99": 0.007542,
    "ci95": 0.00021612216910719173,
    "min": 0.002083,
    "max": 0.011125
  },
  "python_no_preemption_blocking_factor_p99": 0.37092411351005755
}
