{
  "runs": [
    {
      "boot_ms": 432.770917,
      "first_ping_ms": 5.350167
    },
    {
      "boot_ms": 446.94625,
      "first_ping_ms": 5.434125
    },
    {
      "boot_ms": 438.085792,
      "first_ping_ms": 4.883041
    },
    {
      "boot_ms": 442.590416,
      "first_ping_ms": 5.077625
    }
  ],
  "boot_ms": {
    "median": 440.33810400000004,
    "mean": 440.09834375,
    "stddev": 6.078535773003588,
    "p95": 446.94625,
    "p99": 446.94625,
    "ci95": 5.956965057543516,
    "min": 432.770917,
    "max": 446.94625
  },
  "first_ping_ms": {
    "median": 5.213896,
    "mean": 5.1862395,
    "stddev": 0.2530124413139926,
    "p95": 5.434125,
    "p99": 5.434125,
    "ci95": 0.24795219248771272,
    "min": 4.883041,
    "max": 5.434125
  }
}
