{
  "baseline": {
    "median": 0.003875,
    "mean": 0.00461048,
    "stddev": 0.004562729113062917,
    "p95": 0.004667,
    "p99": 0.017667,
    "ci95": 0.0008942949061603318,
    "min": 0.003708,
    "max": 0.046583
  },
  "under_cpu_load": {
    "median": 0.003083,
    "mean": 0.00354456,
    "stddev": 0.002641638270834861,
    "p95": 0.004,
    "p99": 0.01975,
    "ci95": 0.0005177611010836327,
    "min": 0.002916,
    "max": 0.023666
  },
  "python_no_preemption_blocking_factor_p99": 1.1179034357842306,
  "queue_depth_percentiles": {
    "p50": 1.0,
    "p95": 1.0,
    "p99": 1.0
  },
  "restart_latency_percentiles_ms": {
    "p50": 0.0,
    "p95": 0.0,
    "p99": 0.0
  }
}
