{
  "runs": [
    {
      "boot_ms": 453.576375,
      "first_ping_ms": 5.616167
    },
    {
      "boot_ms": 458.197,
      "first_ping_ms": 6.177333
    },
    {
      "boot_ms": 458.379917,
      "first_ping_ms": 6.281375
    },
    {
      "boot_ms": 466.528833,
      "first_ping_ms": 6.02125
    }
  ],
  "boot_ms": {
    "median": 458.2884585,
    "mean": 459.17053125,
    "stddev": 5.385536889995191,
    "p95": 466.528833,
    "p99": 466.528833,
    "ci95": 5.277826152195288,
    "min": 453.576375,
    "max": 466.528833
  },
  "first_ping_ms": {
    "median": 6.0992915,
    "mean": 6.02403125,
    "stddev": 0.2921690229968205,
    "p95": 6.281375,
    "p99": 6.281375,
    "ci95": 0.2863256425368841,
    "min": 5.616167,
    "max": 6.281375
  }
}
