{
  "python": {
    "runs": [
      {
        "agents": 100,
        "rss_bytes": 70238208
      },
      {
        "agents": 1000,
        "rss_bytes": 72073216
      }
    ],
    "fit": {
      "bytes_per_agent": 2038.8977777777777,
      "base_bytes": 70034318.22222222
    }
  },
  "elixir_bridge": {
    "runs": [
      {
        "agents": 100,
        "baseline_rss_bytes": 102563840,
        "rss_bytes": 102776832,
        "delta_bytes": 212992
      },
      {
        "agents": 1000,
        "baseline_rss_bytes": 97697792,
        "rss_bytes": 99729408,
        "delta_bytes": 2031616
      }
    ],
    "fit": {
      "bytes_per_agent": 2020.6933333333334,
      "base_bytes": 10922.666666666744
    }
  }
}
