{
  "baseline": {
    "median": 0.002209,
    "mean": 0.00266082,
    "stddev": 0.002301297979731254,
    "p95": 0.003542,
    "p99": 0.012125,
    "ci95": 0.00045105440402732575,
    "min": 0.002125,
    "max": 0.021958
  },
  "under_cpu_load": {
    "median": 0.002209,
    "mean": 0.00222459,
    "stddev": 7.051299686775992e-05,
    "p95": 0.002291,
    "p99": 0.002375,
    "ci95": 1.3820547386080944e-05,
    "min": 0.002083,
    "max": 0.00275
  },
  "python_no_preemption_blocking_factor": 0.6468097120271034
}
