{
  "runs": [
    {
      "boot_ms": 478.639375,
      "first_ping_ms": 5.280542
    },
    {
      "boot_ms": 438.942916,
      "first_ping_ms": 5.510291
    },
    {
      "boot_ms": 440.096583,
      "first_ping_ms": 5.465541
    },
    {
      "boot_ms": 458.498542,
      "first_ping_ms": 5.704292
    }
  ],
  "boot_ms": {
    "median": 449.2975625,
    "mean": 454.044354,
    "stddev": 18.684651403991705,
    "p95": 478.639375,
    "p99": 478.639375,
    "ci95": 18.31095837591187,
    "min": 438.942916,
    "max": 478.639375
  },
  "first_ping_ms": {
    "median": 5.487916,
    "mean": 5.4901665,
    "stddev": 0.17397659948107966,
    "p95": 5.704292,
    "p99": 5.704292,
    "ci95": 0.17049706749145807,
    "min": 5.280542,
    "max": 5.704292
  }
}
