{
  "evaluation_mode": "serial_python_worker",
  "baseline": {
    "median": 0.003,
    "mean": 0.0036176583333333333,
    "stddev": 0.003872138183119718,
    "p95": 0.004,
    "p99": 0.017709,
    "ci95": 0.0006928134266994347,
    "min": 0.002875,
    "max": 0.04225
  },
  "under_cpu_load": {
    "median": 0.003,
    "mean": 0.00318793,
    "stddev": 0.0012588281166917657,
    "p95": 0.003458,
    "p99": 0.004916,
    "ci95": 0.0002467303108715861,
    "min": 0.002875,
    "max": 0.015417
  },
  "python_no_preemption_blocking_factor_p99": 293.58609961472325,
  "pooled_workers_blocking_factor_p99": 0.7470355731225297,
  "no_preemption_timer_drift": {
    "mode": "serial_python_worker",
    "period_ms": 5.0,
    "samples": 600,
    "blocked_threshold_ms": 10.0,
    "baseline_drift_ms": {
      "median": 0.6602495023980736,
      "mean": 0.6457063183673502,
      "stddev": 0.20955712852613098,
      "p95": 0.739333020756021,
      "p99": 0.8015839895233511,
      "ci95": 0.016768062537160566,
      "min": 0.055249988799914614,
      "max": 3.8747919944580644
    },
    "under_cpu_load_drift_ms": {
      "median": 0.6630210019648074,
      "mean": 6.918315068323864,
      "stddev": 37.837813258397084,
      "p95": 0.7759579794947057,
      "p99": 235.33391699776985,
      "ci95": 3.027655625215774,
      "min": 0.04362498759292056,
      "max": 235.35999999614432
    },
    "blocking_factor_p99": 293.58609961472325,
    "blocked_tick_ratio": 0.02666666666666667
  },
  "modes": {
    "serial_python_worker": {
      "mode": "serial_python_worker",
      "handler_worker_count": 1,
      "baseline": {
        "median": 0.003,
        "mean": 0.0036176583333333333,
        "stddev": 0.003872138183119718,
        "p95": 0.004,
        "p99": 0.017709,
        "ci95": 0.0006928134266994347,
        "min": 0.002875,
        "max": 0.04225
      },
      "under_cpu_load": {
        "median": 0.003,
        "mean": 0.00318793,
        "stddev": 0.0012588281166917657,
        "p95": 0.003458,
        "p99": 0.004916,
        "ci95": 0.0002467303108715861,
        "min": 0.002875,
        "max": 0.015417
      },
      "blocking_factor_p99": 0.2775989609802925,
      "queue_depth_percentiles": {
        "p50": 1.0,
        "p95": 1.0,
        "p99": 1.0
      },
      "restart_latency_percentiles_ms": {
        "p50": 0.0,
        "p95": 0.0,
        "p99": 0.0
      }
    },
    "pooled_workers": {
      "mode": "pooled_workers",
      "handler_worker_count": 64,
      "baseline": {
        "median": 0.002917,
        "mean": 0.0031465666666666667,
        "stddev": 0.001136925692000868,
        "p95": 0.003792,
        "p99": 0.007084,
        "ci95": 0.0002034218169205751,
        "min": 0.002833,
        "max": 0.013959
      },
      "under_cpu_load": {
        "median": 0.003042,
        "mean": 0.00323703,
        "stddev": 0.0013188528031067858,
        "p95": 0.003459,
        "p99": 0.005292,
        "ci95": 0.00025849514940893,
        "min": 0.002958,
        "max": 0.016042
      },
      "blocking_factor_p99": 0.7470355731225297,
      "queue_depth_percentiles": {
        "p50": 1.0,
        "p95": 1.0,
        "p99": 1.0
      },
      "restart_latency_percentiles_ms": {
        "p50": 0.0,
        "p95": 0.0,
        "p99": 0.0
      }
    }
  },
  "queue_depth_percentiles": {
    "p50": 1.0,
    "p95": 1.0,
    "p99": 1.0
  },
  "restart_latency_percentiles_ms": {
    "p50": 0.0,
    "p95": 0.0,
    "p99": 0.0
  }
}
