{
  "python": {
    "feasible": true,
    "runs": [
      {
        "agents": 100,
        "rss_bytes": 1690566656
      },
      {
        "agents": 1000,
        "rss_bytes": 1690566656
      }
    ],
    "fit": {
      "bytes_per_agent": 0.0,
      "base_bytes": 1690566656.0
    },
    "base_runtime_bytes_estimate": 1690566656.0
  },
  "elixir_bridge": {
    "feasible": true,
    "runs": [
      {
        "agents": 100,
        "baseline_rss_bytes": 133677056,
        "rss_bytes": 134332416,
        "delta_bytes": 655360
      },
      {
        "agents": 1000,
        "baseline_rss_bytes": 133169152,
        "rss_bytes": 136970240,
        "delta_bytes": 3801088
      }
    ],
    "fit": {
      "bytes_per_agent": 3495.2533333333336,
      "base_bytes": 305834.6666666665
    },
    "base_runtime_bytes_estimate": 133423104.0,
    "absolute_base_runtime_bytes": 133423104.0,
    "idle_beam_rss_bytes": 55918592.0,
    "bridge_over_idle_beam_bytes": 77504512.0
  }
}
