{
  "runs": [
    {
      "boot_ms": 685.341917,
      "first_ping_ms": 0.438917
    },
    {
      "boot_ms": 673.974541,
      "first_ping_ms": 0.457458
    },
    {
      "boot_ms": 722.910125,
      "first_ping_ms": 0.583833
    },
    {
      "boot_ms": 730.138125,
      "first_ping_ms": 0.434958
    }
  ],
  "boot_ms": {
    "median": 704.126021,
    "mean": 703.091177,
    "stddev": 27.61124661223816,
    "p95": 730.138125,
    "p99": 730.138125,
    "ci95": 27.059021679993396,
    "min": 673.974541,
    "max": 730.138125
  },
  "first_ping_ms": {
    "median": 0.44818749999999996,
    "mean": 0.47879150000000004,
    "stddev": 0.07071111750637238,
    "p95": 0.583833,
    "p99": 0.583833,
    "ci95": 0.06929689515624493,
    "min": 0.434958,
    "max": 0.583833
  }
}
