{
  "evaluation_mode": "serial_python_worker",
  "baseline": {
    "median": 0.00475,
    "mean": 0.006035075,
    "stddev": 0.006017911938834884,
    "p95": 0.008542,
    "p99": 0.028042,
    "ci95": 0.0010767410652066417,
    "min": 0.004583,
    "max": 0.060375
  },
  "under_cpu_load": {
    "median": 0.003042,
    "mean": 0.0032433,
    "stddev": 0.0012802245896716717,
    "p95": 0.003416,
    "p99": 0.005084,
    "ci95": 0.0002509240195756476,
    "min": 0.002917,
    "max": 0.015667
  },
  "python_no_preemption_blocking_factor_p99": 0.18129947935239996,
  "pooled_workers_blocking_factor_p99": 0.06758481894777946,
  "modes": {
    "serial_python_worker": {
      "mode": "serial_python_worker",
      "handler_worker_count": 1,
      "baseline": {
        "median": 0.00475,
        "mean": 0.006035075,
        "stddev": 0.006017911938834884,
        "p95": 0.008542,
        "p99": 0.028042,
        "ci95": 0.0010767410652066417,
        "min": 0.004583,
        "max": 0.060375
      },
      "under_cpu_load": {
        "median": 0.003042,
        "mean": 0.0032433,
        "stddev": 0.0012802245896716717,
        "p95": 0.003416,
        "p99": 0.005084,
        "ci95": 0.0002509240195756476,
        "min": 0.002917,
        "max": 0.015667
      },
      "blocking_factor_p99": 0.18129947935239996,
      "queue_depth_percentiles": {
        "p50": 1.0,
        "p95": 1.0,
        "p99": 1.0
      },
      "restart_latency_percentiles_ms": {
        "p50": 0.0,
        "p95": 0.0,
        "p99": 0.0
      }
    },
    "pooled_workers": {
      "mode": "pooled_workers",
      "handler_worker_count": 64,
      "baseline": {
        "median": 0.003208,
        "mean": 0.005722925,
        "stddev": 0.01346634159496598,
        "p95": 0.006834,
        "p99": 0.066583,
        "ci95": 0.002409434225820102,
        "min": 0.003,
        "max": 0.129208
      },
      "under_cpu_load": {
        "median": 0.003,
        "mean": 0.00316087,
        "stddev": 0.0012479600214960916,
        "p95": 0.003375,
        "p99": 0.0045,
        "ci95": 0.0002446001642132339,
        "min": 0.002875,
        "max": 0.015375
      },
      "blocking_factor_p99": 0.06758481894777946,
      "queue_depth_percentiles": {
        "p50": 1.0,
        "p95": 1.0,
        "p99": 1.0
      },
      "restart_latency_percentiles_ms": {
        "p50": 0.0,
        "p95": 0.0,
        "p99": 0.0
      }
    }
  },
  "queue_depth_percentiles": {
    "p50": 1.0,
    "p95": 1.0,
    "p99": 1.0
  },
  "restart_latency_percentiles_ms": {
    "p50": 0.0,
    "p95": 0.0,
    "p99": 0.0
  }
}
