{
  "runs": [
    {
      "boot_ms": 591.876541,
      "first_ping_ms": 0.4625
    },
    {
      "boot_ms": 616.121875,
      "first_ping_ms": 0.376792
    },
    {
      "boot_ms": 614.188791,
      "first_ping_ms": 0.346958
    },
    {
      "boot_ms": 623.816875,
      "first_ping_ms": 0.361541
    }
  ],
  "boot_ms": {
    "median": 615.155333,
    "mean": 611.5010205,
    "stddev": 13.728035478318716,
    "p95": 623.816875,
    "p99": 623.816875,
    "ci95": 13.453474768752342,
    "min": 591.876541,
    "max": 623.816875
  },
  "first_ping_ms": {
    "median": 0.3691665,
    "mean": 0.38694775000000003,
    "stddev": 0.05182008873255623,
    "p95": 0.4625,
    "p99": 0.4625,
    "ci95": 0.050783686957905104,
    "min": 0.346958,
    "max": 0.4625
  }
}
