{
  "evaluation_mode": "serial_python_worker",
  "baseline": {
    "median": 0.005541,
    "mean": 0.006170466666666667,
    "stddev": 0.004909019897272849,
    "p95": 0.00625,
    "p99": 0.018417,
    "ci95": 0.0008783351047728239,
    "min": 0.005292,
    "max": 0.057708
  },
  "under_cpu_load": {
    "median": 0.003125,
    "mean": 0.00345585,
    "stddev": 0.00188938097593424,
    "p95": 0.003875,
    "p99": 0.013791,
    "ci95": 0.00037031867128311103,
    "min": 0.002958,
    "max": 0.018708
  },
  "python_no_preemption_blocking_factor_p99": 93.62329525385935,
  "pooled_workers_blocking_factor_p99": 0.2753079240894434,
  "no_preemption_timer_drift": {
    "mode": "serial_python_worker",
    "period_ms": 5.0,
    "samples": 600,
    "blocked_threshold_ms": 10.0,
    "baseline_drift_ms": {
      "median": 0.7211454986827447,
      "mean": 0.734743195013531,
      "stddev": 0.38625572049473994,
      "p95": 0.9321250009816139,
      "p99": 2.5141249981243163,
      "ci95": 0.030906894564477597,
      "min": 0.08958398131653655,
      "max": 5.409750015242025
    },
    "under_cpu_load_drift_ms": {
      "median": 0.7242084876634179,
      "mean": 7.005323611665517,
      "stddev": 37.836243005177536,
      "p95": 1.4383750141132623,
      "p99": 235.38066700450145,
      "ci95": 3.027529978790049,
      "min": 0.10141698759980489,
      "max": 235.45241600833833
    },
    "blocking_factor_p99": 93.62329525385935,
    "blocked_tick_ratio": 0.02666666666666667
  },
  "modes": {
    "serial_python_worker": {
      "mode": "serial_python_worker",
      "handler_worker_count": 1,
      "baseline": {
        "median": 0.005541,
        "mean": 0.006170466666666667,
        "stddev": 0.004909019897272849,
        "p95": 0.00625,
        "p99": 0.018417,
        "ci95": 0.0008783351047728239,
        "min": 0.005292,
        "max": 0.057708
      },
      "under_cpu_load": {
        "median": 0.003125,
        "mean": 0.00345585,
        "stddev": 0.00188938097593424,
        "p95": 0.003875,
        "p99": 0.013791,
        "ci95": 0.00037031867128311103,
        "min": 0.002958,
        "max": 0.018708
      },
      "blocking_factor_p99": 0.7488190258999837,
      "queue_depth_percentiles": {
        "p50": 1.0,
        "p95": 1.0,
        "p99": 1.0
      },
      "restart_latency_percentiles_ms": {
        "p50": 0.0,
        "p95": 0.0,
        "p99": 0.0
      }
    },
    "pooled_workers": {
      "mode": "pooled_workers",
      "handler_worker_count": 64,
      "baseline": {
        "median": 0.003125,
        "mean": 0.0036670166666666667,
        "stddev": 0.002544548405504439,
        "p95": 0.004375,
        "p99": 0.018917,
        "ci95": 0.000455277476383804,
        "min": 0.003041,
        "max": 0.019417
      },
      "under_cpu_load": {
        "median": 0.003042,
        "mean": 0.00332673,
        "stddev": 0.001928425546392652,
        "p95": 0.003584,
        "p99": 0.005208,
        "ci95": 0.00037797140709295977,
        "min": 0.002917,
        "max": 0.022209
      },
      "blocking_factor_p99": 0.2753079240894434,
      "queue_depth_percentiles": {
        "p50": 1.0,
        "p95": 1.0,
        "p99": 1.0
      },
      "restart_latency_percentiles_ms": {
        "p50": 0.0,
        "p95": 0.0,
        "p99": 0.0
      }
    }
  },
  "queue_depth_percentiles": {
    "p50": 1.0,
    "p95": 1.0,
    "p99": 1.0
  },
  "restart_latency_percentiles_ms": {
    "p50": 0.0,
    "p95": 0.0,
    "p99": 0.0
  }
}
