{
  "evaluation_mode": "serial_python_worker",
  "baseline": {
    "median": 0.003125,
    "mean": 0.003565608333333333,
    "stddev": 0.0037609983416614784,
    "p95": 0.003625,
    "p99": 0.010542,
    "ci95": 0.0006729279859527211,
    "min": 0.003,
    "max": 0.043667
  },
  "under_cpu_load": {
    "median": 0.003042,
    "mean": 0.00340961,
    "stddev": 0.002175075802208635,
    "p95": 0.003459,
    "p99": 0.016125,
    "ci95": 0.00042631485723289243,
    "min": 0.002917,
    "max": 0.0205
  },
  "python_no_preemption_blocking_factor_p99": 167.37272176110977,
  "pooled_workers_blocking_factor_p99": 1.3583715596330275,
  "no_preemption_timer_drift": {
    "mode": "serial_python_worker",
    "period_ms": 5.0,
    "samples": 600,
    "blocked_threshold_ms": 10.0,
    "baseline_drift_ms": {
      "median": 1.2876245065126568,
      "mean": 1.222237569988162,
      "stddev": 0.25390286505622367,
      "p95": 1.367291003698483,
      "p99": 1.4059999713208526,
      "ci95": 0.02031646047820372,
      "min": 0.07045898120850314,
      "max": 3.2064999733120203
    },
    "under_cpu_load_drift_ms": {
      "median": 1.2844579806551337,
      "mean": 7.4493363199871965,
      "stddev": 37.75000154606933,
      "p95": 1.3833329768385738,
      "p99": 235.32604199601337,
      "ci95": 3.0206292248534337,
      "min": 0.0456250028219073,
      "max": 235.35987502429634
    },
    "blocking_factor_p99": 167.37272176110977,
    "blocked_tick_ratio": 0.02666666666666667
  },
  "modes": {
    "serial_python_worker": {
      "mode": "serial_python_worker",
      "handler_worker_count": 1,
      "baseline": {
        "median": 0.003125,
        "mean": 0.003565608333333333,
        "stddev": 0.0037609983416614784,
        "p95": 0.003625,
        "p99": 0.010542,
        "ci95": 0.0006729279859527211,
        "min": 0.003,
        "max": 0.043667
      },
      "under_cpu_load": {
        "median": 0.003042,
        "mean": 0.00340961,
        "stddev": 0.002175075802208635,
        "p95": 0.003459,
        "p99": 0.016125,
        "ci95": 0.00042631485723289243,
        "min": 0.002917,
        "max": 0.0205
      },
      "blocking_factor_p99": 1.5295959021058625,
      "queue_depth_percentiles": {
        "p50": 1.0,
        "p95": 1.0,
        "p99": 1.0
      },
      "restart_latency_percentiles_ms": {
        "p50": 0.0,
        "p95": 0.0,
        "p99": 0.0
      }
    },
    "pooled_workers": {
      "mode": "pooled_workers",
      "handler_worker_count": 64,
      "baseline": {
        "median": 0.003,
        "mean": 0.003341291666666667,
        "stddev": 0.0022934248998732316,
        "p95": 0.003791,
        "p99": 0.012208,
        "ci95": 0.0004103457801908347,
        "min": 0.002833,
        "max": 0.026333
      },
      "under_cpu_load": {
        "median": 0.002959,
        "mean": 0.0034320699999999997,
        "stddev": 0.002373068355377259,
        "p95": 0.0035,
        "p99": 0.016583,
        "ci95": 0.0004651213976539428,
        "min": 0.002875,
        "max": 0.019958
      },
      "blocking_factor_p99": 1.3583715596330275,
      "queue_depth_percentiles": {
        "p50": 1.0,
        "p95": 1.0,
        "p99": 1.0
      },
      "restart_latency_percentiles_ms": {
        "p50": 0.0,
        "p95": 0.0,
        "p99": 0.0
      }
    }
  },
  "queue_depth_percentiles": {
    "p50": 1.0,
    "p95": 1.0,
    "p99": 1.0
  },
  "restart_latency_percentiles_ms": {
    "p50": 0.0,
    "p95": 0.0,
    "p99": 0.0
  }
}
